time_stamp,Height,Temperature,Tilt,lfilter,mov_avg,min_avg,device_id,inter_pol
2020-05-09,114.0,13.347826086956522,0.2608695652173913,23.194202898550724,,,70B3D50070001730,109.54545454545455
2020-05-10,105.0909090909091,19.227272727272727,0.09090909090909091,63.86060606060605,109.54545454545455,73.625,70B3D50070001730,109.54545454545455
2020-05-11,110.0,7.5,0.2777777777777778,99.04629629629625,107.54545454545455,58.0,70B3D50070001730,107.54545454545455
2020-05-12,99.88235294117646,12.882352941176471,0.11764705882352941,107.15686274509802,104.94117647058823,80.58823529411765,70B3D50070001730,104.94117647058823
2020-05-13,96.17391304347827,13.26086956521739,0.2608695652173913,103.78550724637685,98.02813299232736,64.0,70B3D50070001730,98.02813299232736
2020-05-14,90.0,13.869565217391305,0.2608695652173913,97.66521739130438,93.08695652173913,84.26086956521739,70B3D50070001730,93.08695652173913
2020-05-15,83.875,17.625,0.1875,92.69166666666665,86.9375,74.125,70B3D50070001730,86.9375
2020-05-16,,12.528888218434153,0.4121838838411372,,,,70B3D50070001730,81.14780701754385
2020-05-17,70.4,14.4,0.0,88.90666666666668,,64.0,70B3D50070001730,75.35811403508772
2020-05-18,68.73684210526316,20.526315789473685,0.10526315789473684,83.55087719298251,69.56842105263158,64.0,70B3D50070001730,69.56842105263158
2020-05-19,63.80952380952381,23.904761904761905,0.2857142857142857,75.48888888888887,66.27318295739349,62.76190476190476,70B3D50070001730,66.27318295739349
2020-05-20,57.26315789473684,19.31578947368421,0.2631578947368421,66.31403508771932,60.53634085213032,55.05263157894737,70B3D50070001730,60.53634085213032
2020-05-21,54.09090909090909,23.772727272727273,0.22727272727272727,60.566666666666656,55.67703349282297,51.18181818181818,70B3D50070001730,55.67703349282297
2020-05-22,89.15789473684211,20.526315789473685,0.21052631578947367,59.168421052631594,71.6244019138756,50.0,70B3D50070001730,71.6244019138756
2020-05-23,122.63157894736842,12.526315789473685,0.3157894736842105,77.3964912280702,105.89473684210526,50.0,70B3D50070001730,105.89473684210526
2020-05-24,114.82352941176471,15.588235294117647,0.058823529411764705,95.83921568627456,118.72755417956657,95.52941176470588,70B3D50070001730,118.72755417956657
2020-05-25,115.3,18.25,0.05,114.36833333333337,115.06176470588235,64.0,70B3D50070001730,115.06176470588235
2020-05-26,115.65217391304348,18.26086956521739,0.2608695652173913,115.39710144927534,115.47608695652174,77.21739130434783,70B3D50070001730,115.47608695652174
2020-05-27,135.77777777777777,19.27777777777778,0.1111111111111111,118.55925925925925,125.71497584541063,60.0,70B3D50070001730,125.71497584541063
2020-05-28,121.45454545454545,20.818181818181817,0.2727272727272727,122.55303030303027,128.6161616161616,82.0909090909091,70B3D50070001730,128.6161616161616
2020-05-29,116.0,21.727272727272727,0.0,124.68787878787879,118.72727272727272,62.0,70B3D50070001730,118.72727272727272
2020-05-30,112.3529411764706,16.88235294117647,0.35294117647058826,123.28627450980399,114.1764705882353,62.11764705882353,70B3D50070001730,114.1764705882353
2020-05-31,113.2,18.65,0.25,116.67333333333332,112.7764705882353,62.0,70B3D50070001730,112.7764705882353
2020-06-01,109.7,21.35,0.2,113.3,111.45,78.8,70B3D50070001730,111.45
2020-06-02,108.58823529411765,23.11764705882353,0.17647058823529413,111.4882352941176,109.14411764705883,62.0,70B3D50070001730,109.14411764705883
2020-06-03,90.38095238095238,23.904761904761905,0.09523809523809523,107.4793650793651,99.48459383753502,86.38095238095238,70B3D50070001730,99.48459383753502
2020-06-04,84.57142857142857,13.904761904761905,0.23809523809523808,98.09682539682542,87.47619047619048,69.33333333333333,70B3D50070001730,87.47619047619048
2020-06-05,87.1,12.7,0.4,89.86333333333336,85.83571428571429,62.0,70B3D50070001730,85.83571428571429
2020-06-06,82.57142857142857,13.238095238095237,0.19047619047619047,85.05555555555556,84.83571428571429,69.61904761904762,70B3D50070001730,84.83571428571429
2020-06-07,78.63157894736842,16.842105263157894,0.2631578947368421,84.00701754385962,80.6015037593985,60.0,70B3D50070001730,80.6015037593985
2020-06-08,105.8,18.2,0.4,83.91833333333331,92.21578947368421,67.6,70B3D50070001730,92.21578947368421
2020-06-09,126.55555555555556,15.61111111111111,0.5555555555555556,96.22037037037038,116.17777777777778,74.44444444444444,70B3D50070001730,116.17777777777778
2020-06-10,117.36363636363636,14.545454545454545,0.4090909090909091,109.95757575757567,121.95959595959596,113.9090909090909,70B3D50070001730,121.95959595959596
2020-06-11,106.1,15.5,0.65,118.5333333333333,111.73181818181817,104.0,70B3D50070001730,111.73181818181817
2020-06-12,105.6842105263158,23.05263157894737,0.2631578947368421,112.66315789473684,105.8921052631579,103.36842105263158,70B3D50070001730,105.8921052631579
2020-06-13,104.0,24.736842105263158,0.631578947368421,107.02456140350876,104.84210526315789,100.52631578947368,70B3D50070001730,104.84210526315789
2020-06-14,96.63636363636364,18.272727272727273,0.45454545454545453,103.51060606060607,100.31818181818181,71.0909090909091,70B3D50070001730,100.31818181818181
2020-06-15,86.21052631578948,17.473684210526315,0.42105263157894735,99.11403508771924,91.42344497607655,62.94736842105263,70B3D50070001730,91.42344497607655
2020-06-16,78.33333333333333,15.944444444444445,0.2777777777777778,91.48888888888885,82.2719298245614,60.666666666666664,70B3D50070001730,82.2719298245614
2020-06-17,70.63157894736842,17.94736842105263,0.42105263157894735,83.98245614035088,74.48245614035088,60.0,70B3D50070001730,74.48245614035088
2020-06-18,71.8,21.45,0.35,75.49833333333332,71.21578947368421,60.0,70B3D50070001730,71.21578947368421
2020-06-19,76.5,20.0,0.5625,73.69791666666667,74.15,60.0,70B3D50070001730,74.15
2020-06-20,68.9,20.55,0.2,71.67499999999998,72.7,60.8,70B3D50070001730,72.7
2020-06-21,68.14285714285714,26.0,0.35714285714285715,71.78333333333335,68.52142857142857,60.0,70B3D50070001730,68.52142857142857
2020-06-22,66.26666666666667,20.0,0.4,70.84222222222222,67.20476190476191,60.8,70B3D50070001730,67.20476190476191
2020-06-23,105.1,23.55,0.3,72.10333333333334,85.68333333333334,60.8,70B3D50070001730,85.68333333333334
2020-06-24,128.9,25.2,0.35,91.05000000000003,117.0,66.2,70B3D50070001730,117.0
2020-06-25,122.9090909090909,22.818181818181817,0.13636363636363635,110.9787878787879,125.90454545454546,120.0,70B3D50070001730,125.90454545454546
2020-06-26,117.71428571428571,24.333333333333332,0.2857142857142857,124.34444444444443,120.3116883116883,106.85714285714286,70B3D50070001730,120.3116883116883
2020-06-27,105.29411764705883,23.235294117647058,0.17647058823529413,118.96470588235289,111.50420168067227,77.6470588235294,70B3D50070001730,111.50420168067227
2020-06-28,101.88888888888889,19.38888888888889,0.2222222222222222,112.93148148148144,103.59150326797385,62.0,70B3D50070001730,103.59150326797385
2020-06-29,95.5,19.0625,0.25,106.41041666666668,98.69444444444444,61.125,70B3D50070001730,98.69444444444444
2020-06-30,96.13333333333334,17.6,0.3333333333333333,100.76888888888892,95.81666666666666,60.0,70B3D50070001730,95.81666666666666
2020-07-01,88.23529411764706,23.88235294117647,0.11764705882352941,96.85098039215684,92.1843137254902,71.6470588235294,70B3D50070001730,92.1843137254902
2020-07-02,87.05882352941177,24.58823529411765,0.058823529411764705,92.22549019607844,87.64705882352942,78.70588235294117,70B3D50070001730,87.64705882352942
2020-07-03,83.3,22.05,0.15,89.20166666666663,85.17941176470589,78.2,70B3D50070001730,85.17941176470589
2020-07-04,79.6,21.85,0.4,84.7433333333333,81.44999999999999,75.3,70B3D50070001730,81.44999999999999
2020-07-05,66.84210526315789,21.31578947368421,0.21052631578947367,79.71403508771931,73.22105263157894,58.63157894736842,70B3D50070001730,73.22105263157894
2020-07-06,71.04761904761905,19.761904761904763,0.38095238095238093,75.04444444444444,68.94486215538848,58.19047619047619,70B3D50070001730,68.94486215538848
2020-07-07,58.09090909090909,21.727272727272727,0.22727272727272727,68.95454545454541,64.56926406926408,57.54545454545455,70B3D50070001730,64.56926406926408
2020-07-08,83.42857142857143,14.380952380952381,0.2857142857142857,65.1047619047619,70.75974025974025,50.0,70B3D50070001730,70.75974025974025
2020-07-09,130.33333333333334,23.0,0.1111111111111111,79.59629629629629,106.8809523809524,51.22222222222222,70B3D50070001730,106.8809523809524
2020-07-10,126.38095238095238,21.19047619047619,0.2857142857142857,100.38888888888886,128.3571428571429,112.28571428571429,70B3D50070001730,128.3571428571429
2020-07-11,114.52631578947368,18.0,0.05263157894736842,122.32807017543861,120.45363408521303,90.42105263157895,70B3D50070001730,120.45363408521303
2020-07-12,105.9090909090909,20.90909090909091,0.3181818181818182,118.99393939393936,110.21770334928229,65.0909090909091,70B3D50070001730,110.21770334928229
2020-07-13,107.23809523809524,23.0,0.14285714285714285,111.90793650793653,106.57359307359307,104.0,70B3D50070001730,106.57359307359307
2020-07-14,103.89473684210526,23.63157894736842,0.10526315789473684,106.31052631578947,105.56641604010025,102.94736842105263,70B3D50070001730,105.56641604010025
2020-07-15,99.56521739130434,17.956521739130434,0.5652173913043478,104.50144927536238,101.7299771167048,98.95652173913044,70B3D50070001730,101.7299771167048
2020-07-16,94.76190476190476,14.523809523809524,0.38095238095238093,101.29206349206353,97.16356107660455,94.38095238095238,70B3D50070001730,97.16356107660455
2020-07-17,85.22222222222223,18.944444444444443,0.16666666666666666,96.05,89.9920634920635,75.33333333333333,70B3D50070001730,89.9920634920635
2020-07-18,85.71428571428571,25.238095238095237,0.09523809523809523,91.54126984126985,85.46825396825398,62.0,70B3D50070001730,85.46825396825398
2020-07-19,72.3,26.8,0.1,84.42500000000001,79.00714285714285,66.9,70B3D50070001730,79.00714285714285
2020-07-20,71.77777777777777,24.333333333333332,0.2222222222222222,78.99814814814818,72.03888888888889,64.0,70B3D50070001730,72.03888888888889
2020-07-21,101.1,22.15,0.25,76.95333333333336,86.43888888888888,64.0,70B3D50070001730,86.43888888888888
2020-07-22,122.44444444444444,20.38888888888889,0.7222222222222222,89.85555555555555,111.77222222222221,64.44444444444444,70B3D50070001730,111.77222222222221
2020-07-23,119.4,21.8,0.45,104.88000000000004,120.92222222222222,117.8,70B3D50070001730,120.92222222222222
2020-07-24,118.3529411764706,23.823529411764707,0.5294117647058824,118.73333333333336,118.87647058823529,113.41176470588235,70B3D50070001730,118.87647058823529
2020-07-25,109.76470588235294,24.176470588235293,0.35294117647058826,118.26274509803922,114.05882352941177,82.58823529411765,70B3D50070001730,114.05882352941177
2020-07-26,110.88888888888889,21.77777777777778,0.5,115.03703703703698,110.32679738562092,62.0,70B3D50070001730,110.32679738562092
2020-07-27,107.6,21.4,0.5,112.04499999999996,109.24444444444444,101.8,70B3D50070001730,109.24444444444444
2020-07-28,99.16666666666667,25.25,0.375,107.1666666666667,103.38333333333333,81.66666666666667,70B3D50070001730,103.38333333333333
2020-07-29,98.18181818181819,24.818181818181817,0.6363636363636364,103.09090909090914,98.67424242424244,64.0909090909091,70B3D50070001730,98.67424242424244
2020-07-30,87.23809523809524,24.19047619047619,0.5238095238095238,97.51269841269838,92.70995670995671,77.23809523809524,70B3D50070001730,92.70995670995671
2020-07-31,86.22222222222223,27.11111111111111,0.3333333333333333,92.46296296296305,86.73015873015873,62.0,70B3D50070001730,86.73015873015873
2020-08-01,76.10526315789474,26.42105263157895,0.3684210526315789,87.16491228070177,81.16374269005848,60.8421052631579,70B3D50070001730,81.16374269005848
2020-08-02,74.0,21.94736842105263,0.5789473684210527,80.58947368421055,75.05263157894737,60.0,70B3D50070001730,75.05263157894737
2020-08-03,75.76470588235294,19.529411764705884,0.5882352941176471,77.85294117647058,74.88235294117646,69.88235294117646,70B3D50070001730,74.88235294117646
2020-08-04,87.0,19.166666666666668,0.3888888888888889,75.13518518518521,81.38235294117646,71.11111111111111,70B3D50070001730,81.38235294117646
2020-08-05,120.33333333333333,22.88888888888889,0.2777777777777778,85.74999999999997,103.66666666666666,70.0,70B3D50070001730,103.66666666666666
2020-08-06,116.63157894736842,25.42105263157895,0.3157894736842105,99.36842105263159,118.48245614035088,100.84210526315789,70B3D50070001730,118.48245614035088
2020-08-07,116.44444444444444,27.944444444444443,0.2222222222222222,112.07407407407408,116.53801169590643,112.0,70B3D50070001730,116.53801169590643
2020-08-08,106.11111111111111,32.166666666666664,0.1111111111111111,116.52037037037036,111.27777777777777,99.44444444444444,70B3D50070001730,111.27777777777777
2020-08-09,95.04761904761905,30.714285714285715,0.23809523809523808,109.2444444444444,100.57936507936509,60.095238095238095,70B3D50070001730,100.57936507936509
2020-08-10,89.88888888888889,27.0,0.1111111111111111,101.66111111111108,92.46825396825398,58.0,70B3D50070001730,92.46825396825398
2020-08-11,91.18181818181819,28.272727272727273,0.13636363636363635,94.06363636363632,90.53535353535354,63.45454545454545,70B3D50070001730,90.53535353535354
2020-08-12,88.16666666666667,27.333333333333332,0.08333333333333333,90.84999999999998,89.67424242424244,78.0,70B3D50070001730,89.67424242424244
2020-08-13,78.81818181818181,20.5,0.36363636363636365,87.85454545454549,83.49242424242425,62.0,70B3D50070001730,83.49242424242425
2020-08-14,73.9090909090909,18.318181818181817,0.3181818181818182,81.98030303030305,76.36363636363636,61.18181818181818,70B3D50070001730,76.36363636363636
2020-08-15,62.2,22.7,0.3,75.99666666666668,68.05454545454546,54.2,70B3D50070001730,68.05454545454546
2020-08-16,44.095238095238095,24.80952380952381,0.47619047619047616,64.83968253968254,53.147619047619045,42.0,70B3D50070001730,53.147619047619045
2020-08-17,80.73684210526316,18.94736842105263,0.5263157894736842,57.540350877192985,62.41604010025063,39.05263157894737,70B3D50070001730,62.41604010025063
2020-08-18,131.2,22.65,0.2,72.56333333333332,105.96842105263158,36.0,70B3D50070001730,105.96842105263158
2020-08-19,131.8,22.6,0.15,100.27000000000001,131.5,123.7,70B3D50070001730,131.5
2020-08-20,124.66666666666667,27.166666666666668,0.2222222222222222,125.14444444444442,128.23333333333335,124.22222222222223,70B3D50070001730,128.23333333333335
2020-08-21,120.33333333333333,28.166666666666668,0.05555555555555555,127.87407407407403,122.5,119.66666666666667,70B3D50070001730,122.5
2020-08-22,115.86666666666666,21.933333333333334,0.2,123.92444444444443,118.1,102.4,70B3D50070001730,118.1
2020-08-23,116.66666666666667,20.952380952380953,0.3333333333333333,119.98253968253968,116.26666666666667,92.0,70B3D50070001730,116.26666666666667
2020-08-24,113.56521739130434,18.956521739130434,0.21739130434782608,116.36956521739128,115.1159420289855,109.3913043478261,70B3D50070001730,115.1159420289855
2020-08-25,109.6,17.8,0.4,114.77000000000005,111.58260869565217,107.0,70B3D50070001730,111.58260869565217
2020-08-26,97.36363636363636,17.681818181818183,0.22727272727272727,109.48333333333339,103.48181818181817,96.18181818181819,70B3D50070001730,103.48181818181817
2020-08-27,96.54545454545455,19.772727272727273,0.13636363636363635,103.11666666666669,96.95454545454545,92.0,70B3D50070001730,96.95454545454545
2020-08-28,92.8,19.55,0.35,97.14500000000001,94.67272727272727,75.5,70B3D50070001730,94.67272727272727
2020-08-29,88.28571428571429,17.095238095238095,0.42857142857142855,94.01746031746029,90.54285714285714,62.0,70B3D50070001730,90.54285714285714
2020-08-30,84.0,15.4,0.45,90.34333333333336,86.14285714285714,62.0,70B3D50070001730,86.14285714285714
2020-08-31,78.66666666666667,15.952380952380953,0.6666666666666666,85.87301587301587,81.33333333333334,76.38095238095238,70B3D50070001730,81.33333333333334
2020-09-01,73.80952380952381,18.666666666666668,0.2857142857142857,80.62222222222223,76.23809523809524,72.47619047619048,70B3D50070001730,76.23809523809524
2020-09-02,70.7,17.9,0.4,76.30500000000004,72.2547619047619,69.3,70B3D50070001730,72.2547619047619
2020-09-03,68.9,15.4,0.4,72.16333333333337,69.80000000000001,66.8,70B3D50070001730,69.80000000000001
2020-09-04,66.5,21.65,0.15,70.15166666666669,67.7,62.5,70B3D50070001730,67.7
2020-09-05,57.0,18.545454545454547,0.2727272727272727,66.17575757575759,61.75,54.0,70B3D50070001730,61.75
2020-09-06,54.63157894736842,15.894736842105264,0.42105263157894735,61.40175438596489,55.815789473684205,52.0,70B3D50070001730,55.815789473684205
2020-09-07,54.588235294117645,17.41176470588235,0.29411764705882354,57.01960784313723,54.60990712074303,53.88235294117647,70B3D50070001730,54.60990712074303
2020-09-08,53.4,20.0,0.2,55.205000000000005,53.99411764705882,48.8,70B3D50070001730,53.99411764705882
2020-09-09,38.44444444444444,19.72222222222222,0.2777777777777778,51.7574074074074,45.92222222222222,35.77777777777778,70B3D50070001730,45.92222222222222
2020-09-10,35.61904761904762,19.571428571428573,0.14285714285714285,45.87142857142859,37.03174603174603,34.0,70B3D50070001730,37.03174603174603
2020-09-11,28.555555555555557,20.333333333333332,0.5555555555555556,38.54814814814816,32.08730158730159,26.555555555555557,70B3D50070001730,32.08730158730159
2020-09-12,20.105263157894736,20.894736842105264,0.3684210526315789,31.817543859649117,24.33040935672515,18.210526315789473,70B3D50070001730,24.33040935672515
2020-09-13,14.6,19.2,0.5,24.85833333333334,17.352631578947367,14.0,70B3D50070001730,17.352631578947367
2020-09-14,10.1,22.75,0.55,18.0,12.35,10.1,70B3D50070001730,12.35
2020-09-15,10.0,22.526315789473685,0.5263157894736842,12.72105263157894,10.05,8.0,70B3D50070001730,10.05
2020-09-16,68.0952380952381,22.666666666666668,0.09523809523809523,16.05555555555555,39.04761904761905,5.142857142857143,70B3D50070001730,39.04761904761905
2020-09-17,126.63157894736842,15.473684210526315,0.21052631578947367,50.13157894736842,97.36340852130326,4.526315789473684,70B3D50070001730,97.36340852130326
2020-09-18,122.0,14.764705882352942,0.29411764705882354,83.97254901960785,124.31578947368422,116.0,70B3D50070001730,124.31578947368422
2020-09-19,118.47058823529412,15.176470588235293,0.23529411764705882,115.12941176470586,120.23529411764706,113.52941176470588,70B3D50070001730,120.23529411764706
2020-09-20,103.52941176470588,16.294117647058822,0.17647058823529413,119.6431372549019,111.0,85.41176470588235,70B3D50070001730,111.0
2020-09-21,107.21739130434783,17.869565217391305,0.2608695652173913,113.26811594202894,105.37340153452686,60.08695652173913,70B3D50070001730,105.37340153452686
2020-09-22,100.0,18.88888888888889,0.2222222222222222,106.60185185185189,103.6086956521739,81.55555555555556,70B3D50070001730,103.6086956521739
2020-09-23,97.36363636363636,18.045454545454547,0.18181818181818182,102.97424242424245,98.68181818181819,58.0,70B3D50070001730,98.68181818181819
2020-09-24,89.3,16.9,0.3,97.78666666666666,93.33181818181818,61.8,70B3D50070001730,93.33181818181818
2020-09-25,89.52380952380952,12.238095238095237,0.5238095238095238,93.49999999999999,89.41190476190476,87.42857142857143,70B3D50070001730,89.41190476190476
2020-09-26,81.66666666666667,10.277777777777779,0.7222222222222222,89.72592592592592,85.5952380952381,76.0,70B3D50070001730,85.5952380952381
2020-09-27,66.0,10.142857142857142,0.38095238095238093,82.56666666666668,73.83333333333334,62.0,70B3D50070001730,73.83333333333334
2020-09-28,77.36842105263158,11.947368421052632,0.47368421052631576,76.61754385964912,71.68421052631578,62.0,70B3D50070001730,71.68421052631578
2020-09-29,108.94736842105263,11.368421052631579,0.21052631578947367,76.31228070175437,93.15789473684211,62.421052631578945,70B3D50070001730,93.15789473684211
2020-09-30,129.6,14.1,0.4,94.81666666666668,119.27368421052631,62.0,70B3D50070001730,119.27368421052631
2020-10-01,124.55555555555556,13.833333333333334,0.2222222222222222,112.92407407407406,127.07777777777778,62.0,70B3D50070001730,127.07777777777778
2020-10-02,117.9047619047619,13.095238095238095,0.2857142857142857,124.23809523809528,121.23015873015873,105.61904761904762,70B3D50070001730,121.23015873015873
2020-10-03,115.0,12.61111111111111,0.3888888888888889,121.64629629629631,116.45238095238095,113.33333333333333,70B3D50070001730,116.45238095238095
2020-10-04,111.9,12.35,0.4,116.85999999999994,113.45,111.1,70B3D50070001730,113.45
2020-10-05,110.6,11.45,0.3,113.58166666666659,111.25,107.4,70B3D50070001730,111.25
2020-10-06,107.8,10.95,0.55,111.40166666666667,109.19999999999999,103.9,70B3D50070001730,109.19999999999999
2020-10-07,101.4,11.2,0.3,109.21333333333334,104.6,99.4,70B3D50070001730,104.6
2020-10-08,,12.528888218434153,0.4121838838411372,,,,70B3D50070001730,100.18484848484847
2020-10-09,90.8,12.2,0.3,106.42000000000003,,88.0,70B3D50070001730,95.76969696969697
2020-10-10,91.9090909090909,11.681818181818182,0.22727272727272727,101.15454545454544,91.35454545454544,88.0909090909091,70B3D50070001730,91.35454545454544
2020-10-11,88.8,9.3,0.25,94.75833333333333,90.35454545454544,87.3,70B3D50070001730,90.35454545454544
2020-10-12,84.28571428571429,9.904761904761905,0.23809523809523808,89.62539682539686,86.54285714285714,83.52380952380952,70B3D50070001730,86.54285714285714
2020-10-13,99.61904761904762,9.380952380952381,0.38095238095238093,87.87142857142855,91.95238095238096,82.0,70B3D50070001730,91.95238095238096
2020-10-14,124.14285714285714,8.142857142857142,0.2857142857142857,95.21904761904757,111.88095238095238,82.0,70B3D50070001730,111.88095238095238
2020-10-15,121.52941176470588,8.705882352941176,0.29411764705882354,104.36862745098038,122.83613445378151,101.52941176470588,70B3D50070001730,122.83613445378151
2020-10-16,115.57142857142857,8.928571428571429,0.5714285714285714,113.6642857142857,118.55042016806723,111.71428571428571,70B3D50070001730,118.55042016806723
2020-10-17,112.23529411764706,8.352941176470589,0.7058823529411765,118.99411764705876,113.90336134453781,110.0,70B3D50070001730,113.90336134453781
2020-10-18,105.3,8.3,0.45,115.19166666666663,108.76764705882353,103.6,70B3D50070001730,108.76764705882353
2020-10-19,97.11111111111111,9.833333333333334,0.4444444444444444,108.49259259259263,101.20555555555555,94.88888888888889,70B3D50070001730,101.20555555555555
2020-10-20,93.5,8.45,0.45,102.21166666666662,95.30555555555556,88.4,70B3D50070001730,95.30555555555556
2020-10-21,88.1,12.0,0.6,95.82166666666664,90.8,85.2,70B3D50070001730,90.8
2020-10-22,81.6,14.2,0.4,90.5066666666667,84.85,80.4,70B3D50070001730,84.85
2020-10-23,71.7,12.3,0.45,83.95333333333336,76.65,69.5,70B3D50070001730,76.65
2020-10-24,65.15789473684211,12.157894736842104,0.5263157894736842,76.57543859649125,68.42894736842106,60.526315789473685,70B3D50070001730,68.42894736842106
2020-10-25,65.56521739130434,12.08695652173913,0.2608695652173913,68.99855072463767,65.36155606407323,58.0,70B3D50070001730,65.36155606407323
2020-10-26,67.36363636363636,10.045454545454545,0.5909090909090909,66.4545454545455,66.46442687747034,58.45454545454545,70B3D50070001730,66.46442687747034
2020-10-27,94.0,8.954545454545455,0.3181818181818182,68.63181818181819,80.68181818181819,58.72727272727273,70B3D50070001730,80.68181818181819
2020-10-28,131.33333333333334,9.555555555555555,0.5,87.65370370370373,112.66666666666666,60.0,70B3D50070001730,112.66666666666666
2020-10-29,130.0,9.529411764705882,0.4117647058823529,105.70588235294123,130.66666666666666,121.76470588235294,70B3D50070001730,130.66666666666666
2020-10-30,124.18181818181819,10.863636363636363,0.5,124.10606060606055,127.09090909090908,122.72727272727273,70B3D50070001730,127.09090909090908
2020-10-31,118.33333333333333,11.61111111111111,0.6111111111111112,126.42777777777776,121.25757575757575,116.0,70B3D50070001730,121.25757575757575
2020-11-01,115.44444444444444,12.444444444444445,0.4444444444444444,121.96481481481484,116.88888888888887,111.22222222222223,70B3D50070001730,116.88888888888887
2020-11-02,112.58823529411765,14.941176470588236,0.5882352941176471,118.31960784313728,114.01633986928104,108.11764705882354,70B3D50070001730,114.01633986928104
2020-11-03,105.46666666666667,11.133333333333333,0.8666666666666667,114.04000000000002,109.02745098039215,102.0,70B3D50070001730,109.02745098039215
2020-11-04,102.3529411764706,7.235294117647059,0.4117647058823529,110.26862745098039,103.90980392156862,96.70588235294117,70B3D50070001730,103.90980392156862
2020-11-05,100.26086956521739,5.695652173913044,0.30434782608695654,105.37681159420293,101.30690537084398,92.52173913043478,70B3D50070001730,101.30690537084398
2020-11-06,96.3076923076923,3.076923076923077,0.3076923076923077,101.848717948718,98.28428093645483,94.61538461538461,70B3D50070001730,98.28428093645483
2020-11-07,82.84210526315789,5.2105263157894735,0.3157894736842105,97.3245614035088,89.57489878542509,81.05263157894737,70B3D50070001730,89.57489878542509
2020-11-08,78.26086956521739,7.043478260869565,0.43478260869565216,89.3724637681159,80.55148741418762,78.0,70B3D50070001730,80.55148741418762
2020-11-09,78.75,8.6875,0.375,82.42499999999997,78.50543478260869,76.625,70B3D50070001730,78.50543478260869
2020-11-10,111.36363636363636,7.045454545454546,0.45454545454545453,82.87424242424241,95.05681818181816,76.18181818181819,70B3D50070001730,95.05681818181816
2020-11-11,130.0,7.708333333333333,0.2916666666666667,101.50694444444447,120.68181818181816,95.5,70B3D50070001730,120.68181818181816
2020-11-12,127.63636363636364,8.909090909090908,0.3181818181818182,120.55909090909091,128.81818181818178,126.0,70B3D50070001730,128.81818181818178
2020-11-13,125.83333333333333,8.541666666666666,0.3333333333333333,128.4041666666666,126.73484848484846,124.91666666666667,70B3D50070001730,126.73484848484846
2020-11-14,117.91666666666667,10.0,0.375,125.40972222222219,121.87499999999997,116.83333333333333,70B3D50070001730,121.87499999999997
2020-11-15,111.54545454545455,10.409090909090908,0.2727272727272727,119.9333333333333,114.73106060606058,109.0909090909091,70B3D50070001730,114.73106060606058
2020-11-16,109.3913043478261,9.391304347826088,0.30434782608695654,114.71014492753622,110.46837944664028,106.43478260869566,70B3D50070001730,110.46837944664028
2020-11-17,101.72727272727273,9.409090909090908,0.4090909090909091,109.07727272727276,105.55928853754938,101.0909090909091,70B3D50070001730,105.55928853754938
2020-11-18,98.78260869565217,9.565217391304348,0.391304347826087,104.5579710144928,100.25494071146242,97.1304347826087,70B3D50070001730,100.25494071146242
2020-11-19,97.44444444444444,8.333333333333334,0.5,100.31666666666666,98.11352657004828,95.11111111111111,70B3D50070001730,98.11352657004828
2020-11-20,92.6,5.3,0.4,98.4033333333333,95.02222222222218,90.6,70B3D50070001730,95.02222222222218
2020-11-21,89.91666666666667,3.5,0.2916666666666667,95.75555555555555,91.2583333333333,85.83333333333333,70B3D50070001730,91.2583333333333
2020-11-22,85.42857142857143,5.857142857142857,0.2857142857142857,91.55396825396825,87.67261904761902,82.0,70B3D50070001730,87.67261904761902
2020-11-23,79.36842105263158,7.947368421052632,0.47368421052631576,87.2087719298246,82.39849624060147,78.52631578947368,70B3D50070001730,82.39849624060147
2020-11-24,124.0,6.230769230769231,0.8461538461538461,87.84358974358975,101.68421052631575,72.0,70B3D50070001730,101.68421052631575
2020-11-25,130.7,4.65,0.7,99.62166666666671,127.34999999999997,77.7,70B3D50070001730,127.34999999999997
2020-11-26,127.52941176470588,3.0588235294117645,0.7058823529411765,113.41568627450984,129.1147058823529,122.94117647058823,70B3D50070001730,129.1147058823529
2020-11-27,124.8695652173913,3.5454545454545454,0.6956521739130435,126.2927536231884,126.19948849104856,118.0,70B3D50070001730,126.19948849104856
2020-11-28,120.63157894736842,1.7058823529411764,0.8421052631578947,126.47368421052629,122.75057208237983,116.10526315789474,70B3D50070001730,122.75057208237983
2020-11-29,113.8,2.375,0.8,121.70833333333333,117.21578947368418,111.3,70B3D50070001730,117.21578947368418
2020-11-30,110.7,1.5384615384615385,0.65,117.70166666666668,112.24999999999997,107.8,70B3D50070001730,112.24999999999997
2020-12-01,105.28571428571429,1.2307692307692308,0.7857142857142857,112.55952380952377,107.99285714285712,102.85714285714286,70B3D50070001730,107.99285714285712
2020-12-02,100.52631578947368,2.4210526315789473,0.7894736842105263,108.79473684210525,102.90601503759396,95.78947368421052,70B3D50070001730,102.90601503759396
2020-12-03,98.0,2.0454545454545454,0.8260869565217391,103.53043478260875,99.26315789473682,92.6086956521739,70B3D50070001730,99.26315789473682
2020-12-04,94.47619047619048,3.0,1.0,99.59206349206349,96.23809523809521,89.14285714285714,70B3D50070001730,96.23809523809521
2020-12-05,85.08333333333333,2.625,0.7083333333333334,94.44861111111113,89.77976190476187,83.5,70B3D50070001730,89.77976190476187
2020-12-06,81.82608695652173,3.9565217391304346,0.6956521739130435,88.20289855072456,83.4547101449275,78.08695652173913,70B3D50070001730,83.4547101449275
2020-12-07,78.57142857142857,4.190476190476191,0.9523809523809523,83.04444444444437,80.19875776397512,77.80952380952381,70B3D50070001730,80.19875776397512
2020-12-08,102.81818181818181,2.8181818181818183,4.2727272727272725,82.13181818181819,90.69480519480516,72.81818181818181,70B3D50070001730,90.69480519480516
2020-12-09,128.76190476190476,2.8947368421052633,0.38095238095238093,97.2777777777778,115.79004329004326,79.33333333333333,70B3D50070001730,115.79004329004326
2020-12-10,121.45454545454545,1.45,0.5909090909090909,113.17272727272724,125.10822510822507,120.63636363636364,70B3D50070001730,125.10822510822507
2020-12-11,119.5,2.9473684210526314,0.6,124.10000000000002,120.47727272727269,117.6,70B3D50070001730,120.47727272727269
2020-12-12,118.11111111111111,5.055555555555555,0.2777777777777778,120.87592592592597,118.80555555555553,115.44444444444444,70B3D50070001730,118.80555555555553
2020-12-13,115.375,6.8125,0.75,118.94583333333335,116.74305555555553,113.625,70B3D50070001730,116.74305555555553
2020-12-14,111.9047619047619,5.761904761904762,0.6666666666666666,116.4619047619047,113.63988095238092,109.80952380952381,70B3D50070001730,113.63988095238092
2020-12-15,105.0,6.277777777777778,0.5555555555555556,113.77222222222227,108.45238095238092,101.55555555555556,70B3D50070001730,108.45238095238092
2020-12-16,99.5,7.6,0.6,108.11833333333342,102.24999999999997,96.0,70B3D50070001730,102.24999999999997
2020-12-17,117.47368421052632,6.052631578947368,0.5263157894736842,105.62631578947372,108.48684210526312,97.47368421052632,70B3D50070001730,108.48684210526312
2020-12-18,125.04761904761905,5.380952380952381,0.5714285714285714,110.46825396825393,121.26065162907265,102.85714285714286,70B3D50070001730,121.26065162907265
2020-12-19,118.5,4.7,0.6,117.89833333333328,121.77380952380949,117.7,70B3D50070001730,121.77380952380949
2020-12-20,112.2,5.15,0.5,120.55333333333326,115.34999999999997,112.0,70B3D50070001730,115.34999999999997
2020-12-21,120.82352941176471,7.0588235294117645,0.6470588235294118,117.14117647058816,116.51176470588233,112.0,70B3D50070001730,116.51176470588233
2020-12-22,128.77777777777777,10.277777777777779,0.5555555555555556,118.37962962962969,124.8006535947712,112.0,70B3D50070001730,124.8006535947712
2020-12-23,126.5,10.416666666666666,0.4166666666666667,122.39305555555556,127.63888888888886,122.58333333333333,70B3D50070001730,127.63888888888886
2020-12-24,121.4,6.85,0.45,126.72333333333336,123.94999999999997,117.8,70B3D50070001730,123.94999999999997
2020-12-25,113.875,3.2,0.5,123.23125,117.63749999999997,104.75,70B3D50070001730,117.63749999999997
2020-12-26,115.15789473684211,2.1666666666666665,0.5263157894736842,120.10877192982458,114.51644736842103,104.0,70B3D50070001730,114.51644736842103
2020-12-27,113.89473684210526,2.7222222222222223,0.2631578947368421,116.0157894736842,114.52631578947366,107.78947368421052,70B3D50070001730,114.52631578947366
2020-12-28,107.78947368421052,4.368421052631579,0.631578947368421,113.64210526315786,110.84210526315786,104.94736842105263,70B3D50070001730,110.84210526315786
2020-12-29,104.43478260869566,2.8260869565217392,0.5652173913043478,109.96376811594206,106.11212814645306,99.82608695652173,70B3D50070001730,106.11212814645306
2020-12-30,99.23809523809524,3.619047619047619,0.2857142857142857,105.8015873015873,101.83643892339542,95.42857142857143,70B3D50070001730,101.83643892339542
2020-12-31,92.5,2.5,0.6,100.59666666666662,95.86904761904759,90.9,70B3D50070001730,95.86904761904759
2021-01-01,92.0,2.8421052631578947,0.3684210526315789,96.65087719298242,92.24999999999997,90.0,70B3D50070001730,92.24999999999997
2021-01-02,86.0,2.1176470588235294,0.4,92.32166666666663,88.99999999999997,84.6,70B3D50070001730,88.99999999999997
2021-01-03,79.33333333333333,1.3888888888888888,0.5,88.31296296296291,82.66666666666663,76.66666666666667,70B3D50070001730,82.66666666666663
2021-01-04,71.88888888888889,1.2352941176470589,0.5555555555555556,83.27777777777777,75.61111111111109,70.66666666666667,70B3D50070001730,75.61111111111109
2021-01-05,96.85714285714286,1.65,0.42857142857142855,78.61904761904766,84.37301587301585,60.095238095238095,70B3D50070001730,84.37301587301585
2021-01-06,127.45454545454545,2.090909090909091,0.3181818181818182,92.61515151515155,112.15584415584414,66.9090909090909,70B3D50070001730,112.15584415584414
2021-01-07,121.83333333333333,1.6956521739130435,0.4166666666666667,111.40138888888886,124.64393939393936,120.75,70B3D50070001730,124.64393939393936
2021-01-08,118.17391304347827,2.4,0.21739130434782608,123.39855072463772,120.00362318840577,116.43478260869566,70B3D50070001730,120.00362318840577
2021-01-09,114.78260869565217,1.4,0.13043478260869565,119.04637681159421,116.47826086956519,111.21739130434783,70B3D50070001730,116.47826086956519
2021-01-10,113.47826086956522,1.5555555555555556,0.5217391304347826,116.14347826086961,114.13043478260866,109.47826086956522,70B3D50070001730,114.13043478260866
2021-01-11,109.4,1.7272727272727273,0.25,113.35,111.43913043478258,103.6,70B3D50070001730,111.43913043478258
2021-01-12,108.66666666666667,1.9,0.23809523809523808,111.71111111111105,109.0333333333333,102.28571428571429,70B3D50070001730,109.0333333333333
2021-01-13,99.18181818181819,2.0,0.5,108.28030303030305,103.92424242424241,98.36363636363636,70B3D50070001730,103.92424242424241
2021-01-14,91.91304347826087,2.0476190476190474,0.391304347826087,101.5202898550725,95.5474308300395,86.0,70B3D50070001730,95.5474308300395
2021-01-15,92.85714285714286,1.1538461538461537,0.23809523809523808,95.45079365079361,92.38509316770184,86.76190476190476,70B3D50070001730,92.38509316770184
2021-01-16,92.5,1.0588235294117647,0.5,92.81666666666663,92.6785714285714,88.2,70B3D50070001730,92.6785714285714
2021-01-17,83.81818181818181,0.9047619047619048,0.2727272727272727,91.21212121212125,88.15909090909088,82.9090909090909,70B3D50070001730,88.15909090909088
2021-01-18,82.66666666666667,3.608695652173913,0.4166666666666667,87.7013888888889,83.24242424242422,78.16666666666667,70B3D50070001730,83.24242424242422
2021-01-19,103.9090909090909,2.2,0.7272727272727273,85.16818181818176,93.28787878787875,74.18181818181819,70B3D50070001730,93.28787878787875
2021-01-20,128.6086956521739,5.318181818181818,1.2173913043478262,99.8608695652174,116.25889328063238,86.69565217391305,70B3D50070001730,116.25889328063238
2021-01-21,123.41666666666667,7.375,1.2083333333333333,116.83749999999996,126.01268115942025,121.91666666666667,70B3D50070001730,126.01268115942025
2021-01-22,120.0,5.8,1.25,124.98166666666668,121.70833333333331,118.0,70B3D50070001730,121.70833333333331
2021-01-23,117.26315789473684,3.6842105263157894,1.263157894736842,121.88070175438598,118.63157894736838,114.52631578947368,70B3D50070001730,118.63157894736838
2021-01-24,114.94736842105263,1.5263157894736843,1.1578947368421053,118.54736842105267,116.10526315789471,112.0,70B3D50070001730,116.10526315789471
2021-01-25,114.34782608695652,1.1818181818181819,1.2608695652173914,116.37681159420285,114.64759725400455,112.0,70B3D50070001730,114.64759725400455
2021-01-26,110.0,1.8888888888888888,1.1,114.14166666666665,112.17391304347822,108.7,70B3D50070001730,112.17391304347822
2021-01-27,105.30434782608695,1.0869565217391304,1.0434782608695652,111.18985507246376,107.65217391304344,102.43478260869566,70B3D50070001730,107.65217391304344
2021-01-28,101.42857142857143,5.142857142857143,1.1428571428571428,107.51746031746032,103.36645962732916,97.52380952380952,70B3D50070001730,103.36645962732916
2021-01-29,90.25,8.333333333333334,1.25,101.4763888888889,95.8392857142857,88.33333333333333,70B3D50070001730,95.8392857142857
2021-01-30,82.9090909090909,3.4285714285714284,1.0909090909090908,94.01515151515154,86.57954545454542,80.54545454545455,70B3D50070001730,86.57954545454542
2021-01-31,74.94736842105263,0.6842105263157895,1.0526315789473684,85.46842105263157,78.92822966507174,72.63157894736842,70B3D50070001730,78.92822966507174
2021-02-01,74.9090909090909,3.142857142857143,1.1363636363636365,79.38181818181818,74.92822966507174,72.0,70B3D50070001730,74.92822966507174
2021-02-02,103.9047619047619,6.619047619047619,0.9047619047619048,78.20158730158731,89.40692640692637,72.0,70B3D50070001730,89.40692640692637
2021-02-03,129.04761904761904,8.523809523809524,0.8095238095238095,95.16190476190482,116.47619047619044,80.0,70B3D50070001730,116.47619047619044
2021-02-04,128.73684210526315,7.684210526315789,0.5263157894736842,112.96842105263163,128.89223057644108,127.26315789473684,70B3D50070001730,128.89223057644108
2021-02-05,124.47058823529412,5.9411764705882355,0.47058823529411764,127.0019607843137,126.6037151702786,123.05882352941177,70B3D50070001730,126.6037151702786
2021-02-06,118.875,4.8125,0.5,126.33958333333334,121.67279411764703,116.5,70B3D50070001730,121.67279411764703
2021-02-07,116.5,1.588235294117647,0.45,122.77166666666669,117.68749999999997,114.0,70B3D50070001730,117.68749999999997
2021-02-08,114.2,0.6,0.45,118.57166666666672,115.34999999999997,112.2,70B3D50070001730,115.34999999999997
2021-02-09,115.4,0.3333333333333333,0.35,115.96666666666663,114.79999999999998,108.0,70B3D50070001730,114.79999999999998
2021-02-10,107.1,0.3333333333333333,0.45,113.85999999999997,111.24999999999997,106.0,70B3D50070001730,111.24999999999997
2021-02-11,105.47368421052632,1.3333333333333333,0.42105263157894735,110.53684210526318,106.28684210526313,104.0,70B3D50070001730,106.28684210526313
2021-02-12,98.53333333333333,0.6666666666666666,0.4,107.51777777777775,102.0035087719298,95.6,70B3D50070001730,102.0035087719298
2021-02-13,87.77777777777777,1.8571428571428572,0.5,101.64814814814814,93.15555555555552,85.0,70B3D50070001730,93.15555555555552
2021-02-14,82.66666666666667,3.25,0.5555555555555556,94.87222222222216,85.2222222222222,81.0,70B3D50070001730,85.2222222222222
2021-02-15,81.57894736842105,1.75,0.7894736842105263,87.74210526315784,82.12280701754383,79.57894736842105,70B3D50070001730,82.12280701754383
2021-02-16,75.71428571428571,5.85,0.6666666666666666,81.80158730158729,78.64661654135335,73.14285714285714,70B3D50070001730,78.64661654135335
2021-02-17,117.9090909090909,7.136363636363637,0.5909090909090909,84.66969696969697,96.81168831168827,70.0,70B3D50070001730,96.81168831168827
2021-02-18,127.8,5.8,0.5,101.25666666666669,122.85454545454542,91.9,70B3D50070001730,122.85454545454542
2021-02-19,120.47619047619048,7.523809523809524,0.47619047619047616,116.8111111111111,124.13809523809522,117.9047619047619,70B3D50070001730,124.13809523809522
2021-02-20,114.82352941176471,9.235294117647058,0.17647058823529413,124.02156862745099,117.64985994397756,111.17647058823529,70B3D50070001730,117.64985994397756
2021-02-21,113.0,10.363636363636363,0.18181818181818182,118.46363636363641,113.91176470588232,86.0,70B3D50070001730,113.91176470588232
2021-02-22,109.36842105263158,7.7368421052631575,0.15789473684210525,114.48947368421051,111.18421052631575,64.0,70B3D50070001730,111.18421052631575
2021-02-23,105.23809523809524,10.476190476190476,0.09523809523809523,110.78571428571429,107.30325814536337,104.0,70B3D50070001730,107.30325814536337
2021-02-24,99.17647058823529,11.705882352941176,0.23529411764705882,106.9058823529412,102.20728291316524,79.88235294117646,70B3D50070001730,102.20728291316524
2021-02-25,98.57142857142857,11.571428571428571,0.38095238095238093,103.02857142857144,98.8739495798319,62.0,70B3D50070001730,98.8739495798319
2021-02-26,93.25,5.875,0.1875,99.42499999999997,95.91071428571425,92.625,70B3D50070001730,95.91071428571425
2021-02-27,88.75,5.375,0.375,95.97291666666668,90.99999999999997,88.0,70B3D50070001730,90.99999999999997
2021-02-28,88.10526315789474,7.473684210526316,0.2631578947368421,92.72982456140353,88.42763157894734,86.63157894736842,70B3D50070001730,88.42763157894734
2021-03-01,83.88888888888889,8.055555555555555,0.3888888888888889,89.16666666666666,85.99707602339178,82.88888888888889,70B3D50070001730,85.99707602339178
2021-03-02,100.52631578947368,7.7894736842105265,0.2631578947368421,87.0245614035087,92.20760233918125,73.57894736842105,70B3D50070001730,92.20760233918125
2021-03-03,132.14285714285714,8.5,0.14285714285714285,96.32142857142856,116.33458646616539,66.0,70B3D50070001730,116.33458646616539
2021-03-04,129.64705882352942,9.941176470588236,0.17647058823529413,107.45490196078435,130.89495798319325,98.70588235294117,70B3D50070001730,130.89495798319325
2021-03-05,122.66666666666667,4.277777777777778,0.16666666666666666,119.62037037037037,126.15686274509801,118.22222222222223,70B3D50070001730,126.15686274509801
2021-03-06,118.82352941176471,7.083333333333333,0.35294117647058826,126.68627450980387,120.74509803921566,112.0,70B3D50070001730,120.74509803921566
2021-03-07,113.81818181818181,7.4,0.0,123.06969696969699,116.32085561497323,111.45454545454545,70B3D50070001730,116.32085561497323
2021-03-08,108.0,6.0,0.14285714285714285,120.08095238095235,110.90909090909088,107.14285714285714,70B3D50070001730,110.90909090909088
2021-03-09,91.81818181818181,6.090909090909091,0.09090909090909091,115.20303030303029,99.90909090909088,90.0,70B3D50070001730,99.90909090909088
2021-03-10,86.15384615384616,7.923076923076923,0.23076923076923078,108.32051282051283,88.98601398601396,84.76923076923077,70B3D50070001730,88.98601398601396
2021-03-11,76.93333333333334,8.533333333333333,0.4,98.88666666666667,81.54358974358972,76.66666666666667,70B3D50070001730,81.54358974358972
2021-03-12,68.57142857142857,7.928571428571429,0.14285714285714285,88.3690476190476,72.75238095238092,66.14285714285714,70B3D50070001730,72.75238095238092
2021-03-13,58.5,6.875,0.1875,77.26875,63.535714285714256,57.375,70B3D50070001730,63.535714285714256
2021-03-14,56.142857142857146,5.714285714285714,0.2857142857142857,68.41190476190478,57.32142857142854,54.0,70B3D50070001730,57.32142857142854
2021-03-15,54.61538461538461,6.3076923076923075,0.23076923076923078,62.65897435897437,55.37912087912085,52.92307692307692,70B3D50070001730,55.37912087912085
2021-03-16,90.13333333333334,6.266666666666667,0.26666666666666666,60.120000000000005,72.37435897435896,52.0,70B3D50070001730,72.37435897435896
2021-03-17,129.05882352941177,4.9411764705882355,0.29411764705882354,75.70588235294119,109.59607843137253,52.0,70B3D50070001730,109.59607843137253
2021-03-18,126.21052631578948,4.529411764705882,0.21052631578947367,96.72280701754383,127.6346749226006,105.47368421052632,70B3D50070001730,127.6346749226006
2021-03-19,123.11111111111111,4.222222222222222,0.05555555555555555,118.22777777777775,124.66081871345027,122.11111111111111,70B3D50070001730,124.66081871345027
2021-03-20,119.6,5.466666666666667,0.26666666666666666,125.05333333333331,121.35555555555553,118.0,70B3D50070001730,121.35555555555553
2021-03-21,117.06666666666666,6.866666666666666,0.13333333333333333,122.46444444444448,118.3333333333333,116.93333333333334,70B3D50070001730,118.3333333333333
2021-03-22,113.6,6.8,0.26666666666666666,119.7244444444445,115.3333333333333,113.2,70B3D50070001730,115.3333333333333
2021-03-23,110.21052631578948,7.578947368421052,0.15789473684210525,116.19999999999993,111.90526315789471,109.05263157894737,70B3D50070001730,111.90526315789471
2021-03-24,109.06666666666666,8.785714285714286,0.06666666666666667,112.86222222222219,109.63859649122804,105.6,70B3D50070001730,109.63859649122804
2021-03-25,107.16666666666667,8.666666666666666,0.08333333333333333,111.14999999999999,108.11666666666665,102.66666666666667,70B3D50070001730,108.11666666666665
2021-03-26,97.0,13.25,0.0,108.27500000000002,102.08333333333331,94.66666666666667,70B3D50070001730,102.08333333333331
2021-03-27,95.73333333333333,8.266666666666667,0.2,104.81333333333336,96.36666666666665,91.2,70B3D50070001730,96.36666666666665
2021-03-28,91.0,10.571428571428571,0.21428571428571427,100.72380952380954,93.36666666666665,87.71428571428571,70B3D50070001730,93.36666666666665
2021-03-29,88.53333333333333,14.466666666666667,0.06666666666666667,96.22888888888887,89.76666666666664,84.4,70B3D50070001730,89.76666666666664
2021-03-30,85.77777777777777,14.222222222222221,0.05555555555555555,91.33703703703708,87.15555555555552,81.22222222222223,70B3D50070001730,87.15555555555552
2021-03-31,79.6,16.733333333333334,0.06666666666666667,87.77333333333335,82.68888888888885,71.46666666666667,70B3D50070001730,82.68888888888885
2021-04-01,97.875,15.0625,0.1875,85.19999999999999,88.73749999999997,64.0,70B3D50070001730,88.73749999999997
2021-04-02,132.72727272727272,7.818181818181818,0.18181818181818182,92.14242424242425,115.30113636363633,68.72727272727273,70B3D50070001730,115.30113636363633
2021-04-03,127.28571428571429,9.357142857142858,0.14285714285714285,101.60714285714288,130.00649350649348,82.42857142857143,70B3D50070001730,130.00649350649348
2021-04-04,122.76923076923077,8.846153846153847,0.07692307692307693,110.10769230769232,125.0274725274725,120.0,70B3D50070001730,125.0274725274725
2021-04-05,122.0,4.909090909090909,0.0,119.82564102564103,122.38461538461536,119.38461538461539,70B3D50070001730,122.38461538461536
2021-04-06,116.5,5.636363636363637,0.0,125.07500000000003,119.24999999999997,116.0,70B3D50070001730,119.24999999999997
2021-04-07,112.18181818181819,4.181818181818182,0.09090909090909091,121.93636363636368,114.34090909090907,110.54545454545455,70B3D50070001730,114.34090909090907
2021-04-08,102.3076923076923,6.3076923076923075,0.23076923076923078,117.13589743589745,107.24475524475523,102.0,70B3D50070001730,107.24475524475523
2021-04-09,97.6,12.214285714285714,0.06666666666666667,111.48666666666665,99.95384615384611,90.66666666666667,70B3D50070001730,99.95384615384611
2021-04-10,98.4,9.333333333333334,0.06666666666666667,105.70888888888892,97.99999999999997,86.0,70B3D50070001730,97.99999999999997
2021-04-11,95.86666666666666,10.333333333333334,0.26666666666666666,100.69555555555554,97.1333333333333,87.46666666666667,70B3D50070001730,97.1333333333333
2021-04-12,108.85714285714286,5.571428571428571,0.14285714285714285,98.23571428571428,102.36190476190473,88.0,70B3D50070001730,102.36190476190473
2021-04-13,123.33333333333333,8.7,0.08333333333333333,102.90555555555552,116.09523809523807,88.5,70B3D50070001730,116.09523809523807
2021-04-14,122.9090909090909,7.545454545454546,0.09090909090909091,107.57272727272725,123.1212121212121,93.27272727272727,70B3D50070001730,123.1212121212121
2021-04-15,118.0,5.416666666666667,0.08333333333333333,111.80277777777779,120.45454545454542,116.66666666666667,70B3D50070001730,120.45454545454542
2021-04-16,115.06666666666666,6.133333333333334,0.0,116.59111111111113,116.5333333333333,112.26666666666667,70B3D50070001730,116.5333333333333
2021-04-17,109.625,8.8125,0.0625,118.2520833333333,112.3458333333333,106.375,70B3D50070001730,112.3458333333333
2021-04-18,107.11111111111111,10.333333333333334,0.16666666666666666,113.95370370370367,108.36805555555553,104.0,70B3D50070001730,108.36805555555553
2021-04-19,106.70588235294117,11.176470588235293,0.0,110.26666666666664,106.90849673202612,102.58823529411765,70B3D50070001730,106.90849673202612
2021-04-20,104.11111111111111,13.722222222222221,0.0,107.57407407407406,105.40849673202612,99.33333333333333,70B3D50070001730,105.40849673202612
2021-04-21,93.33333333333333,13.722222222222221,0.05555555555555555,104.17962962962967,98.7222222222222,79.77777777777777,70B3D50070001730,98.7222222222222
2021-04-22,91.88235294117646,13.294117647058824,0.17647058823529413,99.61568627450977,92.60784313725486,62.0,70B3D50070001730,92.60784313725486
2021-04-23,90.42105263157895,11.526315789473685,0.15789473684210525,94.97894736842102,91.15170278637768,77.78947368421052,70B3D50070001730,91.15170278637768
2021-04-24,85.04761904761905,12.952380952380953,0.047619047619047616,91.06190476190474,87.73433583959897,78.28571428571429,70B3D50070001730,87.73433583959897
2021-04-25,76.88888888888889,10.666666666666666,0.0,86.59814814814813,80.96825396825395,60.0,70B3D50070001730,80.96825396825395
2021-04-26,102.76190476190476,12.333333333333334,0.5238095238095238,84.11904761904759,89.8253968253968,60.95238095238095,70B3D50070001730,89.8253968253968
2021-04-27,133.05263157894737,12.842105263157896,1.1578947368421053,95.79298245614036,117.90726817042604,62.0,70B3D50070001730,117.90726817042604
2021-04-28,135.0,12.714285714285714,1.2142857142857142,111.05714285714284,134.02631578947364,102.0,70B3D50070001730,134.02631578947364
2021-04-29,127.05882352941177,13.352941176470589,1.411764705882353,125.02745098039213,131.02941176470586,114.94117647058823,70B3D50070001730,131.02941176470586
2021-04-30,123.625,9.75,1.125,130.68124999999995,125.34191176470586,121.25,70B3D50070001730,125.34191176470586
2021-05-01,118.82352941176471,12.176470588235293,1.1764705882352942,127.43137254901961,121.22426470588232,117.88235294117646,70B3D50070001730,121.22426470588232
2021-05-02,119.28571428571429,11.928571428571429,1.2857142857142858,123.26190476190477,119.05462184873947,116.0,70B3D50070001730,119.05462184873947
2021-05-03,117.06666666666666,11.466666666666667,1.4666666666666666,120.56000000000002,118.17619047619044,116.0,70B3D50070001730,118.17619047619044
2021-05-04,114.0,9.61111111111111,1.5555555555555556,118.11296296296298,115.5333333333333,112.77777777777777,70B3D50070001730,115.5333333333333
2021-05-05,105.625,9.8125,1.625,115.07499999999997,109.81249999999997,97.5,70B3D50070001730,109.81249999999997
2021-05-06,104.34782608695652,8.217391304347826,1.1304347826086956,110.73188405797102,104.98641304347822,94.8695652173913,70B3D50070001730,104.98641304347822
2021-05-07,98.3,10.95,1.0,105.38000000000002,101.32391304347823,95.9,70B3D50070001730,101.32391304347823
2021-05-08,95.5,12.375,0.625,101.76250000000003,96.89999999999998,86.75,70B3D50070001730,96.89999999999998
